v,x_minus,x_plus
0.035,-0.07008585517258643,0.06991435491522885
0.0362771285475793,-0.07264986650301608,0.0724588990062665
0.037554257095158604,-0.0752145909997213,0.0750027361644959
0.0388313856427379,-0.07778005400192456,0.07754584173220712
0.0401085141903172,-0.08034628087306435,0.08008819107543219
0.041385642737896494,-0.08291329700163573,0.08262975958473577
0.0426627712854758,-0.0854811278020328,0.08517052267600422
0.043939899833055095,-0.0880497987153927,0.08771045579123272
0.04521702838063439,-0.0906193352104418,0.09024953439931083
0.046494156928213695,-0.09318976278434342,0.09278773399680622
0.04777128547579299,-0.09576110696354784,0.09532503010874632
0.04904841402337229,-0.09833339330464418,0.09786139828939831
0.05032554257095159,-0.10090664739521434,0.10039681412304698
0.05160267111853089,-0.10348089485468914,0.1029312532247704
0.052879799666110186,-0.10605616133520676,0.10546469124121394
0.05415692821368949,-0.10863247252247328,0.10799710385136176
0.055434056761268787,-0.11120985413662554,0.11052846676730621
0.05671118530884808,-0.11378833193309666,0.11305875573501506
0.05798831385642739,-0.11636793170348377,0.1155879465350966
0.059265442404006684,-0.11894867927641815,0.11811601498356183
0.06054257095158598,-0.12153060051843838,0.12064293693258506
0.061819699499165284,-0.1241137213348657,0.12316868827126143
0.06309682804674457,-0.12669806767068223,0.12569324492636216
0.06437395659432388,-0.12928366551141204,0.1282165828630875
0.06565108514190318,-0.13187054088400496,0.13073867808581674
0.06692821368948249,-0.13445871985772329,0.13325950663885563
0.06820534223706178,-0.1370482285450314,0.13577904460718143
0.06948247078464106,-0.13963909310248857,0.13829726811718493
0.07075959933222037,-0.14223133973164476,0.14081415333740988
0.07203672787979967,-0.14482499467993948,0.14332967647928935
0.07331385642737898,-0.14742008424160394,0.14584381379787953
0.07459098497495828,-0.1500166347585666,0.14835654159259037
0.07586811352253757,-0.15261467262136197,0.15086783620791352
0.07714524207011686,-0.15521422427004272,0.153377674034147
0.07842237061769616,-0.15781531619509556,0.1558860315081169
0.07969949916527547,-0.16041797493836035,0.15839288511389601
0.08097662771285477,-0.1630222270939531,0.16089821138351942
0.08225375626043407,-0.1656280993091924,0.16340198689769672
0.08353088480801336,-0.16823561828553005,0.16590418828652115
0.08480801335559265,-0.1708448107794849,0.1684047922301753
0.08608514190317196,-0.1734557036035813,0.1709037754596337
0.08736227045075126,-0.17606832362729072,0.17340111475736195
0.08863939899833057,-0.1786826977779781,0.17589678695801234
0.08991652754590986,-0.1812988530418521,0.17839076894911615
0.09119365609348916,-0.18391681646491936,0.1808830376717726
0.09247078464106845,-0.18653661515394312,0.18337357012133396
0.09374791318864775,-0.18915827627740647,0.18586234334808732
0.09502504173622706,-0.19178182706647934,0.18834933445793267
0.09630217028380636,-0.19440729481599062,0.19083452061305733
0.09757929883138565,-0.19703470688540464,0.19331787903260667
0.09885642737896495,-0.19966409069980204,0.19579938699335137
0.10013355592654424,-0.20229547375086554,0.1982790218303503
0.10141068447412355,-0.20492888359787073,0.20075676093761038
0.10268781302170285,-0.20756434786868108,0.20323258176874184
0.10396494156928214,-0.21020189426074862,0.20570646183761024
0.10524207011686144,-0.21284155054211915,0.2081783787189841
0.10651919866444075,-0.2154833445524426,0.2106483100491788
0.10779632721202004,-0.21812730420398882,0.2131162335266966
0.10907345575959934,-0.22077345748266844,0.21558212691286235
0.11035058430717865,-0.22342183244905883,0.2180459680324551
0.11162771285475794,-0.2260724572394361,0.22050773477433624
0.11290484140233724,-0.2287253600668119,0.22296740509207258
0.11418196994991654,-0.2313805692219764,0.22542495700455611
0.11545909849749583,-0.23403811307454633,0.2278803685966189
0.11673622704507514,-0.23669802007401955,0.23033361801964417
0.11801335559265444,-0.23936031875083455,0.23278468349217313
0.11929048414023373,-0.24202503771743658,0.23523354330050694
0.12056761268781303,-0.24469220566934952,0.23768017579930542
0.12184474123539234,-0.24736185138625377,0.24012455941217997
0.12312186978297163,-0.25003400373307044,0.24256667263228354
0.12439899833055093,-0.2527086916610519,0.24500649402289526
0.12567612687813023,-0.25538594420887833,0.2474440022180006
0.1269532554257095,-0.2580657905037611,0.24987917592286774
0.12823038397328884,-0.26074825976255284,0.252311993914619
0.12950751252086812,-0.2634333812928631,0.2547424350427971
0.13078464106844742,-0.2661211844941823,0.25717047822992833
0.13206176961602673,-0.2688116988590114,0.2595961024720798
0.13333889816360603,-0.2715049539739986,0.2620192868394126
0.13461602671118533,-0.27420097952108347,0.26444001047673027
0.1358931552587646,-0.27689980527864777,0.26685825260402246
0.1371702838063439,-0.2796014611226742,0.26927399251700446
0.13844741235392322,-0.28230597702791105,0.271687209587651
0.13972454090150252,-0.2850133830690458,0.2740978832647261
0.14100166944908182,-0.28772370942188535,0.27650599307430795
0.1422787979966611,-0.2904369863645439,0.2789115186203088
0.14355592654424043,-0.29315324427863915,0.28131443958499025
0.1448330550918197,-0.29587251365049516,0.2837147357294733
0.146110183639399,-0.29859482507235463,0.2861123868942447
0.14738731218697831,-0.3013202092435977,0.28850737299965623
0.1486644407345576,-0.3040486969719699,0.29089967404642153
0.14994156928213692,-0.30678031917481824,0.29328927011610656
0.1512186978297162,-0.30951510688033473,0.29567614137161485
0.1524958263772955,-0.3122530912288099,0.298060268057669
0.1537729549248748,-0.3149943034738934,0.30044163050128636
0.1550500834724541,-0.31773877498386416,0.30282020911224955
0.1563272120200334,-0.320486537242909,0.30519598438357276
0.1576043405676127,-0.3232376218524103,0.30756893689196185
0.15888146911519202,-0.32599206053224283,0.309939047298271
0.1601585976627713,-0.32874988512207887,0.31230629634795215
0.1614357262103506,-0.3315111275827042,0.3146706648715018
0.1627128547579299,-0.3342758199973415,0.31703213378490036
0.1639899833055092,-0.3370439945729851,0.3193906840900478
0.16526711185308848,-0.3398156836417438,0.32174629687519396
0.1665442404006678,-0.34259091966219474,0.32409895331536365
0.1678213689482471,-0.3453697352207461,0.32644863467277596
0.1690984974958264,-0.34815216303301033,0.32879532229725916
0.1703756260434057,-0.35093823594518747,0.33113899762666044
0.171652754590985,-0.35372798693545865,0.3334796421872497
0.17292988313856428,-0.35652144911538985,0.33581723759411874
0.17420701168614358,-0.3593186557313464,0.33815176555157517
0.17548414023372289,-0.3621196401659179,0.3404832078535309
0.1767612687813022,-0.3649244359393541,0.3428115463838853
0.1780383973288815,-0.3677330767110115,0.3451367631169033
0.1793155258764608,-0.37054559628081146,0.3474588401175883
0.18059265442404007,-0.3733620285907087,0.34977775954204965
0.18186978297161938,-0.3761824077261721,0.35209350363786474
0.18314691151919868,-0.37900676791767585,0.35440605474443587
0.18442404006677798,-0.38183514354220344,0.356715395293342
0.1857011686143573,-0.38466756912476263,0.3590215078086852
0.1869782971619366,-0.3875040793399123,0.3613243749074312
0.18825542570951587,-0.39034470901330187,0.36362397929974527
0.18953255425709517,-0.39318949312322254,0.3659203037893231
0.19080968280467447,-0.39603846680217086,0.3682133312737149
0.19208681135225378,-0.39889166533842535,0.3705030447446457
0.19336393989983308,-0.4017491241776349,0.3727894272883296
0.19464106844741239,-0.40461087892442094,0.37507246208577855
0.19591819699499166,-0.40747696534399175,0.3773521324131063
0.19719532554257097,-0.41034741936377095,0.37962842164182664
0.19847245409015027,-0.41322227707503795,0.38190131323914633
0.19974958263772957,-0.41610157473458326,0.3841707907682527
0.20102671118530888,-0.41898534876637655,0.38643683788859595
0.20230383973288815,-0.42187363576324866,0.3886994383561662
0.20358096828046746,-0.42476647248858823,0.3909585760237648
0.20485809682804676,-0.4276638958780515,0.39321423484127094
0.20613522537562606,-0.4305659430412873,0.39546639885590207
0.20741235392320537,-0.433472651263676,0.39771505221246983
0.20868948247078467,-0.4363840580080837,0.3999601791536301
0.20996661101836395,-0.43930020091663047,0.4022017640201275
0.21124373956594325,-0.44222111781247486,0.4044397912510357
0.21252086811352255,-0.44514684670161225,0.4066742453839908
0.21379799666110186,-0.44807742577469,0.4089051110554205
0.21507512520868116,-0.4510128934088372,0.41113237300076777
0.21635225375626047,-0.45395328816951064,0.4133560160547085
0.21762938230383974,-0.4568986488123572,0.415576025151365
0.21890651085141904,-0.4598490142850916,0.4177923853245131
0.22018363939899835,-0.4628044237293914,0.4200050817077848
0.22146076794657765,-0.46576491648280793,0.42221409953486444
0.22273789649415696,-0.4687305320806947,0.4244194241396816
0.22401502504173626,-0.47170131025815243,0.4266210409565961
0.22529215358931554,-0.47467729095199124,0.42881893552058004
0.22656928213689484,-0.47765851430271106,0.43101309346739325
0.22784641068447414,-0.4806450206564984,0.433203500533754
0.22912353923205345,-0.48363685056724237,0.43539014255750413
0.23040066777963275,-0.486634044798568,0.43757300547776895
0.23167779632721205,-0.4896366443258883,0.4397520753351125
0.23295492487479133,-0.4926446903384745,0.44192733827168695
0.23423205342237063,-0.49565822424154576,0.44409878053137697
0.23550918196994994,-0.4986772876583769,0.4462663884599387
0.23678631051752924,-0.5017019224324266,0.4484301485051342
0.23806343906510855,-0.5047321706294844,0.45059004721685975
0.23934056761268782,-0.5077680745398371,0.45274607124727
0.24061769616026712,-0.5108096766804563,0.45489820735089626
0.24189482470784643,-0.5138570197972053,0.45704644238475933
0.24317195325542573,-0.5169101468670668,0.45919076330847874
0.24444908180300504,-0.5199691011003911,0.46133115718437523
0.24572621035058434,-0.5230339259431658,0.46346761117756863
0.24700333889816362,-0.5261046650793064,0.4656001125560711
0.24828046744574292,-0.5291813624329692,0.4677286486908748
0.24955759599332222,-0.5322640621708841,0.46985320705603534
0.2508347245409015,-0.5353528087047121,0.47197377522874817
0.25211185308848083,-0.5384476466934235,0.4740903408894227
0.25338898163606016,-0.5415486210456983,0.47620289182174913
0.2546661101836394,-0.5446557769223515,0.47831141591276166
0.2559432387312187,-0.5477691597387805,0.48041590115289645
0.25722036727879805,-0.5508888151674352,0.4825163356360435
0.2584974958263773,-0.5540147891403125,0.4846127075595954
0.2597746243739566,-0.5571471278514768,0.48670500522449
0.26105175292153593,-0.5602858777596019,0.48879321703524864
0.2623288814691152,-0.5634310855905388,0.4908773315000088
0.2636060100166945,-0.5665827983399098,0.49295733723055285
0.2648831385642738,-0.5697410632757258,0.49503322294233165
0.26616026711185314,-0.5729059279410313,0.4971049774544826
0.2674373956594324,-0.5760774401565736,0.4991725896898438
0.2687145242070117,-0.5792556480234995,0.5012360486749634
0.269991652754591,-0.5824405999260788,0.5032953435401033
0.2712687813021703,-0.5856323445344535,0.5053504635192391
0.2725459098497496,-0.5888309308074157,0.5074013979500546
0.2738230383973289,-0.5920364079952126,0.5094481362739322
0.27510016694490824,-0.5952488256423797,0.5114906680359381
0.2763772954924875,-0.5984682335906019,0.5135289828848033
0.2776544240400668,-0.6016946819816041,0.5155630705728997
0.2789315525876461,-0.6049282212600714,0.5175929209562113
0.2802086811352254,-0.6081689021765959,0.5196185239943016
0.2814858096828047,-0.6114167757906579,0.5216398697502758
0.282762938230384,-0.6146718934736338,0.5236569483907382
0.2840400667779633,-0.6179343069118355,0.5256697501857464
0.28531719532554256,-0.621204068109582,0.5276782655087594
0.2865943238731219,-0.6244812293923014,0.5296824848365824
0.2878714524207012,-0.6277658434096647,0.5316823987493062
0.28914858096828044,-0.6310579631387522,0.5336779979302428
0.2904257095158598,-0.6343576418872534,0.5356692731658574
0.2917028380634391,-0.6376649332966979,0.5376562153456936
0.29297996661101844,-0.6409798913457218,0.539638815462297
0.29425709515859766,-0.6443025703533668,0.541617064611132
0.295534223706177,-0.647633024982416,0.5435909539904977
0.2968113522537563,-0.6509713102427604,0.5455604749014347
0.29808848080133554,-0.6543174814948045,0.5475256187476322
0.2993656093489149,-0.6576715944529068,0.5494863770353284
0.3006427378964942,-0.6610337051888546,0.5514427413732076
0.30191986644407354,-0.6644038701353784,0.5533947034722925
0.30319699499165276,-0.6677821460897012,0.5553422551458324
0.3044741235392321,-0.671168590217127,0.5572853883091893
0.3057512520868114,-0.6745632600546666,0.5592240949797163
0.30702838063439064,-0.6779662135147017,0.5611583672766344
0.30830550918196997,-0.6813775088886903,0.5630881974209061
0.3095826377295493,-0.684797204850909,0.5650135777351017
0.3108597662771285,-0.6882253604622371,0.566934500643265
0.31213689482470786,-0.6916620351739828,0.5688509586707734
0.3134140233722872,-0.6951072888317464,0.5707629444441936
0.3146911519198665,-0.6985611816793306,0.5726704506911351
0.31596828046744574,-0.7020237743626887,0.5745734702400984
0.31724540901502507,-0.7054951279339206,0.5764719960203205
0.3185225375626044,-0.7089753038553062,0.5783660210616152
0.3197996661101836,-0.7124643640033883,0.5802555384942103
0.32107679465776295,-0.7159623706730988,0.5821405415485829
0.3223539232053423,-0.7194693865819274,0.584021023555287
0.3236310517529216,-0.7229854748741402,0.5858969779447812
0.32490818030050084,-0.7265106991250425,0.5877683982472508
0.32618530884808017,-0.73004512334529,0.5896352780924268
0.3274624373956595,-0.7335888119852461,0.591497611209401
0.3287395659432387,-0.7371418299393893,0.5933553914264383
0.33001669449081805,-0.7407042425507699,0.5952086126707848
0.3312938230383974,-0.7442761156155147,0.597057268968472
0.3325709515859766,-0.7478575153873824,0.5989013544441188
0.33384808013355594,-0.7514485085823742,0.6007408633207293
0.33512520868113527,-0.7550491623833891,0.6025757899194869
0.3364023372287146,-0.7586595444449377,0.6044061286595456
0.3376794657762938,-0.7622797228979062,0.6062318740578174
0.33895659432387315,-0.7659097663543774,0.608053020728758
0.3402337228714525,-0.7695497439125007,0.6098695633841461
0.3415108514190317,-0.7731997251614247,0.6116814968328623
0.34278797996661103,-0.7768597801862808,0.6134888159806644
0.34406510851419037,-0.7805299795732259,0.6152915158299571
0.3453422370617697,-0.7842103944145425,0.6170895914795623
0.3466193656093489,-0.7879010963137975,0.6188830381244829
0.34789649415692825,-0.7916021573910612,0.6206718510556657
0.3491736227045076,-0.7953136502881845,0.62245602565976
0.3504507512520868,-0.7990356481741382,0.6242355574188739
0.35172787979966613,-0.802768224750417,0.6260104419103274
0.35300500834724546,-0.8065114542565001,0.627780674806402
0.3542821368948248,-0.8102654114753816,0.6295462518740881
0.355559265442404,-0.8140301717391615,0.6313071689748294
0.35683639398998335,-0.8178058109347054,0.6330634220642641
0.3581135225375627,-0.8215924055093667,0.6348150071919634
0.3593906510851419,-0.8253900324767788,0.6365619205011666
0.36066777963272123,-0.829198769422716,0.6383041582285155
0.36194490818030056,-0.8330186945110213,0.6400417167037828
0.3632220367278798,-0.8368498864896055,0.6417745923496009
0.3644991652754591,-0.8406924246965196,0.6435027816811862
0.36577629382303845,-0.8445463890660951,0.6452262813060611
0.3670534223706178,-0.8484118601351612,0.6469450879237736
0.368330550918197,-0.8522889190493343,0.648659198325614
0.36960767946577633,-0.8561776475693852,0.6503686093943303
0.37088480801335566,-0.8600781280776784,0.6520733181038386
0.3721619365609349,-0.8639904435846933,0.6537733215189334
0.3734390651085142,-0.867914677735623,0.6554686167949944
0.37471619365609354,-0.8718509148170498,0.6571592011776904
0.3759933222036729,-0.8757992397637061,0.6588450720026825
0.3772704507512521,-0.8797597381653138,0.6605262266953222
0.3785475792988314,-0.8837324962735101,0.6622026627703508
0.37982470784641076,-0.8877176010088542,0.6638743778315925
0.38110183639399,-0.8917151399679225,0.6655413695716487
0.3823789649415693,-0.8957252014304904,0.667203635771588
0.38365609348914864,-0.8997478743668005,0.6688611743006345
0.38493322203672786,-0.9037832484449223,0.670513983115854
0.3862103505843072,-0.9078314140382026,0.6721620602618386
0.3874874791318865,-0.9118924622328058,0.6738054038703881
0.38876460767946586,-0.9159664848353507,0.6754440121601901
0.3900417362270451,-0.9200535743806402,0.6770778834364974
0.3913188647746244,-0.9241538241394885,0.6787070160908055
0.39259599332220374,-0.9282673281266447,0.6803314086005238
0.39387312186978296,-0.9323941811088159,0.6819510595286495
0.3951502504173623,-0.9365344786127932,0.6835659675234372
0.3964273789649416,-0.9406883169336757,0.6851761313180664
0.39770450751252096,-0.9448557931432012,0.6867815497303084
0.3989816360601002,-0.9490370050981813,0.6883822216621899
0.4002587646076795,-0.9532320514490441,0.6899781460996566
0.40153589315525884,-0.9574410316484823,0.6915693221122334
0.40281302170283806,-0.9616640459602145,0.6931557488526835
0.4040901502504174,-0.9659011954678582,0.6947374255566662
0.4053672787979967,-0.9701525820839128,0.696314351542392
0.40664440734557594,-0.9744183085588606,0.6978865262102775
0.4079215358931553,-0.9786984784903849,0.6994539490425971
0.4091986644407346,-0.9829931963327043,0.7010166196031342
0.41047579298831394,-0.9873025674060285,0.7025745375368311
0.41175292153589316,-0.9916266979061372,0.7041277025694354
0.4130300500834725,-0.995965694914083,0.7056761145071482
0.4143071786310518,-1.0003196664060174,0.7072197732362673
0.41558430717863104,-1.0046887212631488,0.7087586787228313
0.41686143572621037,-1.009072969281828,0.7102928310122621
0.4181385642737897,-1.0134725211837665,0.7118222302290051
0.41941569282136903,-1.0178874886263862,0.713346876576168
0.42069282136894826,-1.0223179842133099,0.7148667703351597
0.4219699499165276,-1.026764121504986,0.7163819118653267
0.4232470784641069,-1.0312260150294548,0.717892301603589
0.42452420701168614,-1.0357037802932556,0.7193979400640725
0.42580133555926547,-1.040197533792483,0.7208988278377452
0.4270784641068448,-1.0447073930239834,0.7223949655920462
0.42835559265442413,-1.0492334764967075,0.7238863540705178
0.42963272120200335,-1.053775903743208,0.725372994092435
0.4309098497495827,-1.0583347953312985,0.7268548865524341
0.432186978297162,-1.0629102728758606,0.7283320324201399
0.43346410684474124,-1.0675024590508158,0.7298044327397922
0.43474123539232057,-1.0721114776012584,0.7312720886298719
0.4360183639398999,-1.0767374533557474,0.7327350012827248
0.4372954924874791,-1.081380512238771,0.7341931719641851
0.43857262103505845,-1.0860407812833779,0.7356466020131992
0.4398497495826378,-1.0907183886439782,0.7370952928414459
0.4411268781302171,-1.0954134636093227,0.7385392459329583
0.44240400667779634,-1.1001261366156576,0.7399784628437438
0.44368113522537567,-1.1048565392600604,0.7414129452014033
0.444958263772955,-1.109604804313958,0.7428426947047497
0.4462353923205342,-1.1143710657368302,0.7442677131234251
0.44751252086811355,-1.119155458690108,0.7456880022975195
0.4487896494156929,-1.1239581195512558,0.7471035641371848
0.4500667779632722,-1.1287791859280547,0.7485144006222526
0.45134390651085143,-1.1336187966730829,0.7499205138018477
0.45262103505843077,-1.1384770918983993,0.7513219057940037
0.4538981636060101,-1.1433542129904286,0.752718578785276
0.4551752921535893,-1.1482503026250577,0.7541105350303551
0.45645242070116865,-1.1531655047829468,0.7554977768516802
0.457729549248748,-1.1580999647650485,0.7568803066390503
0.4590066777963272,-1.1630538292083519,0.7582581268492363
0.46028380634390653,-1.1680272461018502,0.759631240005593
0.46156093489148586,-1.1730203648027284,0.7609996486976686
0.4628380634390652,-1.1780333360527873,0.7623633555808158
0.4641151919866444,-1.183066311995098,0.7637223633758023
0.46539232053422375,-1.1881194461908977,0.7650766748684197
0.4666694490818031,-1.1931928936367222,0.766426292909093
0.4679465776293823,-1.1982868107817886,0.7677712204124896
0.46922370617696163,-1.203401355545629,0.7691114603571285
0.47050083472454096,-1.208536687335973,0.7704470157849878
0.4717779632721203,-1.2136929670668946,0.7717778898011136
0.4730550918196995,-1.218870357177218,0.7731040855732282
0.47433222036727885,-1.224069021649196,0.7744256063313371
0.4756093489148582,-1.229289126027454,0.7757424553673371
0.4768864774624374,-1.2345308374382156,0.7770546360346235
0.47816360601001673,-1.2397943246088083,0.7783621517476982
0.47944073455759606,-1.2450797578874546,0.7796650059817757
0.4807178631051754,-1.250387309263356,0.7809632022723912
0.4819949916527546,-1.2557171523870714,0.7822567442150073
0.48327212020033394,-1.2610694625912,0.7835456354646215
0.4845492487479133,-1.2664444169113667,0.7848298797353723
0.4858263772954925,-1.2718421941075222,0.786109480800147
0.4871035058430718,-1.2772629746855615,0.7873844424901891
0.48838063439065116,-1.2827069409192626,0.7886547686947044
0.4896577629382304,-1.2881742768725546,0.7899204633604688
0.4909348914858097,-1.2936651684221232,0.791181530491436
0.49221202003338904,-1.2991798032803517,0.7924379741483437
0.4934891485809684,-1.3047183710186119,0.7936897984483227
0.4947662771285476,-1.3102810630909059,0.7949370075645028
0.4960434056761269,-1.3158680728578693,0.7961796057256226
0.49732053422370626,-1.3214795956111338,0.7974175972156361
0.4985976627712855,-1.3271158285980669,0.7986509863733214
0.4998747913188648,-1.3327769710468895,0.7998797775918899
0.5011519198664441,-1.3384632241921732,0.8011039753185938
0.5024290484140235,-1.3441747913007371,0.8023235840543362
0.5037061769616027,-1.3499118776979375,0.8035386083532802
0.504983305509182,-1.3556746907943682,0.8047490528224581
0.5062604340567614,-1.3614634401129706,0.8059549221213821
0.5075375626043406,-1.367278337316568,0.8071562209616541
0.5088146911519199,-1.373119596235829,0.8083529541065767
0.5100918196994992,-1.3789874328976626,0.8095451263707643
0.5113689482470785,-1.3848820655540641,0.8107327426197539
0.5126460767946578,-1.3908037147114116,0.8119158077696188
0.5139232053422371,-1.3967526031602209,0.813094326786579
0.5152003338898165,-1.4027289560053735,0.814268304686615
0.5164774624373957,-1.4087330006968217,0.8154377465350813
0.517754590984975,-1.4147649670607823,0.8166026574463199
0.5190317195325543,-1.4208250873314217,0.8177630425832744
0.5203088480801336,-1.4269135961830521,0.8189189071571051
0.5215859766277129,-1.4330307307628423,0.8200702564268053
0.5228631051752922,-1.4391767307240475,0.8212170956988156
0.5241402337228716,-1.4453518382597799,0.8223594303266413
0.5254173622704508,-1.4515562981373193,0.8234972657104698
0.5266944908180301,-1.4577903577329843,0.8246306072967882
0.5279716193656094,-1.4640542670675605,0.8257594605780013
0.5292487479131887,-1.4703482788423108,0.8268838310920513
0.530525876460768,-1.4766726484755748,0.828003724422037
0.5318030050083473,-1.4830276341399566,0.829119146195834
0.5330801335559265,-1.489413496800133,0.8302301020857169
0.5343572621035059,-1.4958305002512786,0.8313365978079795
0.5356343906510852,-1.5022789111581232,0.8324386391225589
0.5369115191986645,-1.5087589990946555,0.8335362318326568
0.5381886477462439,-1.5152710365844881,0.8346293817843656
0.5394657762938231,-1.5218152991418874,0.8357180948662916
0.5407429048414024,-1.5283920653134946,0.8368023770091817
0.5420200333889817,-1.535001616720738,0.8378822341855485
0.543297161936561,-1.5416442381029585,0.8389576724092982
0.5445742904841403,-1.5483202173612618,0.8400286977353587
0.5458514190317196,-1.5550298456031073,0.8410953162593079
0.547128547579299,-1.5617734171876505,0.8421575341170034
0.5484056761268782,-1.5685512297718573,0.8432153574842132
0.5496828046744575,-1.5753635843574005,0.8442687925762473
0.5509599332220368,-1.582210785338354,0.8453178456475894
0.5522370617696161,-1.5890931405497044,0.8463625229915301
0.5535141903171954,-1.5960109613166982,0.8474028309398017
0.5547913188647747,-1.6029645625050284,0.8484387758622124
0.556068447412354,-1.6099542625718957,0.8494703641662823
0.5573455759599333,-1.6169803836179504,0.8504976022968812
0.5586227045075126,-1.6240432514401326,0.8515204967358647
0.5598998330550919,-1.631143195585433,0.8525390540017149
0.5611769616026712,-1.6382805494055945,0.853553280649179
0.5624540901502505,-1.645455650112771,0.8545631832689107
0.5637312186978298,-1.6526688388361566,0.8555687684871112
0.565008347245409,-1.6599204606796196,0.8565700429651728
0.5662854757929884,-1.667210864780353,0.8575670133993226
0.5675626043405677,-1.6745404043685568,0.8585596865202674
0.568839732888147,-1.681909436828189,0.8595480690928389
0.5701168614357263,-1.689318323758794,0.8605321679156416
0.5713939899833056,-1.6967674310384393,0.8615119898207007
0.5726711185308849,-1.7042571288877726,0.8624875416731107
0.5739482470784641,-1.7117877919352398,0.8634588303706863
0.5752253756260435,-1.7193597992834762,0.8644258628436131
0.5765025041736228,-1.726973534576891,0.8653886460541005
0.577779632721202,-1.7346293860704878,0.866347186996035
0.5790567612687814,-1.7423277466999336,0.8673014926946349
0.5803338898163607,-1.7500690141529032,0.8682515702061063
0.58161101836394,-1.7578535909417343,0.8691974266172995
0.5828881469115192,-1.7656818844774145,0.870139069045368
0.5841652754590986,-1.7735543071449333,0.8710765046374269
0.5854424040066779,-1.7814712763800205,0.8720097405702141
0.5867195325542571,-1.7894332147473146,0.8729387840497508
0.5879966611018365,-1.7974405500199804,0.873863642311006
0.5892737896494158,-1.8054937152608088,0.8747843226175586
0.5905509181969951,-1.8135931489048402,0.8757008322612643
0.5918280467445743,-1.821739294843532,0.8766131785619202
0.5931051752921537,-1.8299326025105171,0.8775213688669347
0.594382303839733,-1.8381735269689734,0.8784254105509939
0.5956594323873122,-1.8464625290006569,0.8793253110157339
0.5969365609348916,-1.8548000751966234,0.8802210776894104
0.5982136894824709,-1.8631866380496775,0.8811127180265721
0.5994908180300502,-1.871622696048593,0.8820002395077348
0.6007679465776294,-1.8801087337741407,0.882883649639055
0.6020450751252088,-1.8886452419969653,0.8837629559520086
0.6033222036727881,-1.8972327177773474,0.8846381660030664
0.6045993322203673,-1.9058716645669047,0.8855092873733739
0.6058764607679467,-1.9145625923122698,0.8863763276684318
0.607153589315526,-1.923306017560782,0.8872392945177761
0.6084307178631052,-1.9321024635682549,0.8880981955746629
0.6097078464106845,-1.9409524604088588,0.8889530385157508
0.6109849749582639,-1.9498565450871608,0.8898038310407868
0.6122621035058432,-1.9588152616523842,0.890650580872293
0.6135392320534224,-1.96782916131493,0.8914932957552549
0.6148163606010018,-1.9768988025652208,0.8923319834568103
0.6160934891485811,-1.9860247512949067,0.8931666517659401
0.6173706176961603,-1.9952075809205072,0.8939973084931601
0.6186477462437396,-2.0044478725095356,0.8948239614702146
0.619924874791319,-2.0137462149091565,0.8956466185497709
0.6212020033388983,-2.02310320487746,0.8964652876051155
0.6224791318864775,-2.0325194472173864,0.8972799765298511
0.6237562604340569,-2.0419955549133895,0.8980906932375958
0.6250333889816362,-2.0515321492708796,0.8988974456616826
0.6263105175292154,-2.0611298600585375,0.8997002417548611
0.6275876460767947,-2.070789325653551,0.9004990894890005
0.6288647746243741,-2.080511193189843,0.9012939968547937
0.6301419031719533,-2.090296118709384,0.902084971861462
0.6314190317195326,-2.10014476731664,0.9028720225364638
0.632696160267112,-2.1100578133362404,0.903655156925201
0.6339732888146913,-2.1200359404739553,0.9044343830907298
0.6352504173622705,-2.130079841981043,0.9052097091134714
0.6365275459098498,-2.140190220822075,0.9059811430909246
0.6378046744574292,-2.1503677898462956,0.9067486931373795
0.6390818030050084,-2.160613271962632,0.9075123673836328
0.6403589315525877,-2.1709274003184267,0.9082721739767047
0.641636060100167,-2.1813109184819908,0.9090281210795562
0.6429131886477464,-2.1917645806290778,0.9097802168708097
0.6441903171953256,-2.202289151733366,0.9105284695444683
0.6454674457429049,-2.21288540776107,0.9112728873096397
0.6467445742904843,-2.2235541358697577,0.9120134783902587
0.6480217028380635,-2.234296134611504,0.9127502510248127
0.6492988313856428,-2.245112214140485,0.9134832134660682
0.6505759599332221,-2.2560031964251164,0.9142123739807986
0.6518530884808014,-2.2669699154648644,0.9149377408495133
0.6531302170283807,-2.2780132175118513,0.9156593223661894
0.65440734557596,-2.2891339612973627,0.916377126838002
0.6556844741235394,-2.300333018263402,0.9170911625850598
0.6569616026711186,-2.3116112727994187,0.9178014379401389
0.6582387312186979,-2.3229696224843432,0.9185079612484193
0.6595158597662772,-2.334408978334057,0.919210740867223
0.6607929883138565,-2.3459302650544727,0.9199097851657531
0.6620701168614358,-2.3575344213003344,0.9206051025248347
0.6633472454090151,-2.3692223999399173,0.921296701336657
0.6646243739565945,-2.380995168325775,0.921984590004516
0.6659015025041737,-2.39285370857169,0.9226687769425609
0.667178631051753,-2.404799017836007,0.9233492705755393
0.6684557595993323,-2.416832108611511,0.9240260793385454
0.6697328881469116,-2.4289540090220254,0.9246992116767696
0.6710100166944909,-2.4411657631259325,0.9253686760452484
0.6722871452420702,-2.4534684312267734,0.9260344809086173
0.6735642737896496,-2.465863090191147,0.9266966347408638
0.6748414023372288,-2.478350833774102,0.9273551460250826
0.6761185308848081,-2.4909327729522275,0.9280100232532313
0.6773956594323874,-2.503610036264641,0.9286612749258897
0.6786727879799667,-2.5163837701621263,0.9293089095520175
0.679949916527546,-2.529255139364624,0.9299529356487156
0.6812270450751253,-2.5422253272273028,0.9305933617409883
0.6825041736227045,-2.555295536115486,0.9312301963615062
0.6837813021702839,-2.568466987788646,0.9318634480503724
0.6850584307178632,-2.5817409237937508,0.932493125354887
0.6863355592654425,-2.5951186058682145,0.9331192368293166
0.6876126878130218,-2.6086013163527304,0.9337417910346625
0.6888898163606011,-2.6221903586142825,0.9343607965384316
0.6901669449081804,-2.635887057479603,0.9349762619144085
0.6914440734557596,-2.649692759679402,0.9355881957424287
0.692721202003339,-2.6636088343036812,0.9361966066081535
0.6939983305509183,-2.677636673268431,0.9368015031028468
0.6952754590984976,-2.691777691794081,0.937402893823152
0.6965525876460769,-2.706033328896021,0.9380007873708718
0.6978297161936562,-2.7204050478875694,0.9385951923527484
0.6991068447412355,-2.734894336895739,0.9391861173802448
0.7003839732888147,-2.7495027093901974,0.9397735710693297
0.7016611018363941,-2.764231704725826,0.9403575620402608
0.7029382303839734,-2.7790828886992496,0.9409380989173713
0.7042153589315526,-2.794057854119803,0.9415151903288579
0.705492487479132,-2.8091582213953474,0.9420888449065693
0.7067696160267113,-2.824385639133391,0.9426590712857964
0.7080467445742906,-2.839741784757989,0.9432258781050646
0.7093238731218698,-2.855228365142907,0.9437892740059265
0.7106010016694492,-2.870847117261552,0.9443492676327565
0.7118781302170285,-2.8865998088541773,0.9449058676325467
0.7131552587646077,-2.9024882391129214,0.9454590826547041
0.7144323873121871,-2.9185142393852277,0.9460089213508496
0.7157095158597664,-2.9346796738962118,0.9465553923746176
0.7169866444073457,-2.950986440490604,0.9470985043814577
0.7182637729549249,-2.9674364713948553,0.9476382660284377
0.7195409015025043,-2.9840317340000846,0.9481746859740471
0.7208180300500836,-3.000774231666485,0.9487077728780036
0.7220951585976628,-3.0176660045499424,0.949237535401059
0.7233722871452422,-3.0347091304515343,0.9497639822048084
0.7246494156928215,-3.051905725690665,0.9502871219514992
0.7259265442404008,-3.069257946002625,0.9508069633038423
0.72720367278798,-3.0867679874613523,0.9513235149248244
0.7284808013355594,-3.1044380874282433,0.9518367854775223
0.7297579298831387,-3.1222705255278567,0.9523467836249168
0.7310350584307179,-3.140267624651419,0.9528535180297102
0.7323121869782973,-3.158431751989069,0.9533569973541435
0.7335893155258766,-3.1767653200917616,0.9538572302598156
0.7348664440734558,-3.195270787963895,0.9543542254075035
0.7361435726210351,-3.2139506621876484,0.9548479914569844
0.7374207011686145,-3.2328074980801347,0.9553385370668591
0.7386978297161938,-3.2518439008844906,0.9558258708943752
0.739974958263773,-3.271062526996059,0.9563100015952541
0.7412520868113524,-3.290466085224901,0.956790937823518
0.7425292153589317,-3.310057338095856,0.9572686882313165
0.7438063439065109,-3.3298391031875068,0.9577432614687589
0.7450834724540902,-3.34981425451139,0.9582146661837432
0.7463606010016696,-3.3699857239328646,0.9586829110217898
0.7476377295492489,-3.3903565026351328,0.9591480046258737
0.7489148580968281,-3.410929642627933,0.9596099556362604
0.7501919866444074,-3.4317082583025247,0.9600687726903421
0.7514691151919868,-3.452695528034592,0.9605244644224742
0.752746243739566,-3.47389469583685,0.9609770394638152
0.7540233722871453,-3.495309073063117,0.961426506442166
0.7553005008347247,-3.5169420401657505,0.9618728739818122
0.7565776293823039,-3.5387970485084104,0.9623161507033651
0.7578547579298832,-3.560877622236191,0.9627563452236066
0.7591318864774625,-3.5831873602052307,0.9631934661553351
0.7604090150250419,-3.6057299379740533,0.9636275221072098
0.7616861435726211,-3.6285091098589293,0.9640585216836003
0.7629632721202004,-3.6515287110556893,0.9644864734844342
0.7642404006677798,-3.6747926598304854,0.9649113861050483
0.765517529215359,-3.6983049597821567,0.9653332681360393
0.7667946577629383,-3.72206970217894,0.9657521281631163
0.7680717863105176,-3.746091068372363,0.9661679747669556
0.769348914858097,-3.770373332291346,0.9665808165230546
0.7706260434056762,-3.794920863019621,0.966990662001589
0.7719031719532555,-3.8197381274597433,0.9673975197672702
0.7731803005008349,-3.8448296930870884,0.9678013983792036
0.7744574290484141,-3.870200230797425,0.9682023063907493
0.7757345575959934,-3.8958545178517903,0.9686002523493827
0.7770116861435727,-3.921797440922541,0.9689952447965572
0.778288814691152,-3.948033999244701,0.9693872922675678
0.7795659432387313,-3.9745693078768607,0.9697764032914156
0.7808430717863106,-4.001408601076062,0.9701625863906743
0.78212020033389,-4.0285572357914115,0.970545850081357
0.7833973288814692,-4.056020695281261,0.9709262028727844
0.7846744574290485,-4.083804592859137,0.9713036532674554
0.7859515859766278,-4.111914675773742,0.9716782097609157
0.7872287145242071,-4.140356829228712,0.9720498808416321
0.7885058430717864,-4.169137080548012,0.972418674990864
0.7897829716193657,-4.198261603493152,0.9727846006825381
0.7910601001669451,-4.227736722738758,0.9731476663831234
0.7923372287145243,-4.257568918513272,0.9735078805515082
0.7936143572621036,-4.287764831411968,0.9738652516388776
0.7948914858096829,-4.31833126738976,0.974219788088592
0.7961686143572622,-4.349275202941726,0.9745714983360675
0.7974457429048415,-4.3806037904796185,0.9749203908086563
0.7987228714524208,-4.412324363913036,0.9752664739255299
0.8,-4.444444444444446,0.975609756097561
